file_name,first_start,first_end,first_dur,second_start,second_end,second_dur
./clean/0.wav,0.03096875,4.16534375,4.1343749999999995,5.920343750000001,10.98284375,5.0625
./clean/1.wav,0.03096875,2.3597187500000003,2.3287500000000003,4.13159375,9.76784375,5.63625
./clean/10.wav,0.03096875,2.00534375,1.9743750000000002,3.7434687500000003,5.684093750000001,1.9406250000000003
./clean/100.wav,0.03096875,4.199093749999999,4.168124999999999,5.9372187499999995,8.83971875,2.9025
